{
  "data_type": "sentiment",

  "Sentiment": {
    "library": "vader"
  },
  "Sklearn": {
    "model_type": "XGBClassifier",
    "learning_rate": 0.09094860748929857,
    "gamma": 3.1462603308432358,
    "max_depth": 4,
    "min_child_weight": 6,
    "subsample": 0.8624331402103134,
    "colsample_bytree": 0.4691526918399977,
    "colsample_bylevel": 0.923399846630764,
    "colsample_bynode": 0.35461053085840577,
    "reg_lambda": 0.693105742208086,
    "reg_alpha": 0.23567339543813356,
    "ignore_preprocessing": false
  }
}
