{
  "data_type": "ner",

  "Ner": {
    "library": "spacy",
    "spacy_pipeline": "en_core_web_sm"
  },
  "Sklearn": {
    "model_type": "XGBClassifier",
    "learning_rate": 0.06597940510205536,
    "gamma": 3.764965223455479,
    "max_depth": 3,
    "min_child_weight": 5,
    "subsample": 0.8207794797618417,
    "colsample_bytree": 0.5463836373891532,
    "colsample_bylevel": 0.8758853486043103,
    "colsample_bynode": 0.41781077800005584,
    "reg_lambda": 0.4298315176214929,
    "reg_alpha": 0.3077836728796306,
    "ignore_preprocessing": false
  }
}
